USE TRABALHO;

-- 3.1.1
INSERT INTO TURMA (NUM_TURMA, DTA_INICIO_AULAS, DTA_FIM_AULAS)VALUES
(1, '2022-08-01', '2022-12-20'),
(2, '2023-02-13','2023-06-30');

-- 3.1.2
INSERT INTO ALUNO (RA, NOME_ALUNO, SEXO_ALUNO) VALUES 
-- Turma A
(30317983,'Pedro Henrique Westin', 'M'), 
(NULL, 'Nicolas Silva de Farias', 'M'), 
(NULL, 'Felipe Escorizza', 'M'),
(NULL, 'Gabriela Ricarte', 'F'),
(NULL, 'Gabriela Gomes', 'F'),
(NULL, 'Leticia Cavadas', 'F'),
(NULL, 'Felipe Grellmann', 'M'),
(NULL, 'Marco Aurélio', 'M'),
(NULL, 'Fernanda lopes', 'F'),
(NULL, 'Solange Lucato', 'F'),

-- Turma B
(NULL, 'Victor Teixera', 'M'),
(NULL, 'Nicolas Pires', 'M'),
(NULL, 'Luiza Bispo', 'F'),
(NULL, 'Larrisa Torre', 'F'),
(NULL, 'Solange Lucato', 'F'),
(NULL, 'Vinícius Teixera', 'M'),
(NULL, 'Nicole Nilsen', 'F'),
(NULL, 'Lorinete Teixera', 'F'),
(NULL, 'Lozinete Teixera', 'F'),
(NULL, 'Lenilda Teixera', 'F');

-- 3.1.3
INSERT INTO PROFESSOR (MATRICULA, NOME_PROFESSOR, TITULACAO, SEXO_PROFESSOR) VALUES
(1234, 'Rangel', 'Mestre', 'M'),
(NULL, 'Jadir','Mestre', 'M'),
(NULL, 'Majer', 'Mestre', 'M'),
(NULL, 'Eduardo', 'Mestre','M');

-- 3.1.4
INSERT INTO DISCIPLINA (COD_DISCIPLINA, NOM_DISCIPLINA, CARGA_HORARIA) VALUES
(1000, 'Banco de Dados', 60),
(2000, 'Análise e projeto de sistemas', 60),
(3000, 'Aplicação para a internet', 60),
(4000, 'Engenharia de Software', 60);

-- 3.2.1
INSERT INTO MATRICULA (NUM_MATRICULA, DTA_MATRICULA, DTA_CANCELAMENTO_MATRICULA, RA, NUM_TURMA) VALUES 
-- Turma A
(NULL, '2022-03-02', NULL, 30317983, 1),
(NULL, '2022-01-01', NULL, 30317984, 1),
(NULL, '2022-04-12', NULL, 30317985, 1),
(NULL, '2021-08-26', NULL, 30317986, 1),
(NULL, '2022-01-03', NULL, 30317987, 1),
(NULL, '2022-04-17', NULL, 30317988, 1),
(NULL, '2022-06-27', NULL, 30317989, 1),
(NULL, '2022-05-09', NULL, 30317990, 1),
(NULL, '2022-07-12', NULL, 30317991, 1),
(NULL, '2022-04-26', NULL, 30317992, 1),

-- Turma B
(NULL, '2023-01-16', NULL, 30317993, 2),
(NULL, '2022-08-07', NULL, 30317994, 2),
(NULL, '2022-09-25', NULL, 30317995, 2),
(NULL, '2022-11-12', NULL, 30317996, 2),
(NULL, '2022-12-03', NULL, 30317997, 2),
(NULL, '2022-09-21', NULL, 30317998, 2),
(NULL, '2022-05-08', NULL, 30317999, 2),
(NULL, '2022-05-26', NULL, 30318000, 2),
(NULL, '2022-06-13', NULL, 30318001, 2),
(NULL, '2022-07-01', NULL, 30318002, 2);

-- 3.2.2
INSERT INTO DISCIPLINA_OFERECIDA(NUM_DISCIPLINA_OFERECIDA, SALA, BLOCO, DIA_SEMANA, HOR_INICIO, HOR_FIM,COD_DISCIPLINA, MATRICULA, NUM_TURMA) VALUES 
(100, '11', 'A', 2, '8:30:00', '11:15:00', 1000, 1234, 1),
(101, '11', 'A', 3, '8:30:00', '11:15:00', 2000, 1235, 1),
(102, '405', 'G', 4, '8:30:00', '11:15:00', 3000, 1236, 1),
(103, '212', 'Alfa', 5, '8:30:00', '11:15:00', 4000, 1237, 1),

(104, '405', 'G', 2, '8:30:00', '11:15:00', 3000, 1236, 2),
(105, '11', 'A', 4, '8:30:00', '11:15:00', 1000, 1234, 2),
(106, '212', 'Alfa', 3, '8:30:00', '11:15:00', 2000, 1235, 2),
(107, '212', 'Alfa', 5, '8:30:00', '11:15:00', 4000, 1237, 2);

-- 3.2.3
INSERT INTO AVALIACAO(NOTA_A2, NOTA_A1, NOTA_AF, RA, NUM_DISCIPLINA_OFERECIDA) VALUES 
-- TURMA A
-- APROVADOS
(3, 5, NULL, 30317984, 100), (4, 2, NULL, 30317984, 101), (2, 4, NULL, 30317984, 102), (3, 3, NULL, 30317984, 103),
(7, 4, NULL, 30317985, 100), (3, 5, NULL, 30317985, 101), (5, 5, NULL, 30317985, 102), (1, 5, NULL, 30317985, 103),
(5, 3, NULL, 30317986, 100), (4, 4, NULL, 30317986, 101), (5, 1, NULL, 30317986, 102), (4, 3, NULL, 30317986, 103),
(3, 5, NULL, 30317987, 100), (4, 2, NULL, 30317987, 101), (2, 4, NULL, 30317987, 102), (3, 3, NULL, 30317987, 103),

-- AF REPROVADOS
(3, 2, 0, 30317988, 100), (1.5, 2, 1, 30317988, 101), (0, 4, 1.5, 30317988, 102), (1, 2, 1, 30317988, 103),
(1, 2, 3, 30317989, 100), (2, 1, 3, 30317989, 101), (2, 2, 1, 30317989, 102), (3, 0, 2, 30317989, 103),
(1, 3, 4, 30317990, 100), (1, 2, 1, 30317990, 101), (1, 2, 2, 30317990, 102), (3, 1, 2, 30317990, 103),

-- AF APROVADOS
(3, 2, 3, 30317983, 100), (4, 1, 3, 30317983, 101), (3, 2, 3, 30317983, 102), (3, 1, 4, 30317983, 103),
(3, 2, 4, 30317992, 100), (1.5, 2.5, 4.5, 30317992, 101), (2.5, 2, 3.5, 30317992, 102), (1.5, 2.5, 5, 30317992, 103),
(3, 2, 4, 30317992, 100), (1, 2, 4, 30317992, 101), (2, 3, 4.5, 30317992, 102), (3, 1, 3.5, 30317992, 103),

-- TURMA B
-- APROVADOS
(3, 5, NULL, 30317993, 104), (4, 2, NULL, 30317993, 105), (2, 4, NULL, 30317993, 106), (3, 3, NULL, 30317993, 107),
(3, 5, NULL, 30317994, 104), (4, 2, NULL, 30317994, 105), (2, 4, NULL, 30317994, 106), (3, 3, NULL, 30317994, 107),
(3, 5, NULL, 30317995, 104), (4, 2, NULL, 30317995, 105), (2, 4, NULL, 30317995, 106), (3, 3, NULL, 30317995, 107),
(3, 5, NULL, 30317996, 104), (4, 2, NULL, 30317996, 105), (2, 4, NULL, 30317996, 106), (3, 3, NULL, 30317996, 107),

-- AF REPROVADOS 
(0, 1, NULL, 30317997, 104), (2, 3, NULL, 30317997, 105), (0, 0, NULL, 30317997, 106), (0, 1, NULL, 30317997, 107),

-- AF PENDENTES
(3, 2, NULL, 30317998, 104), (1, 2, NULL, 30317998, 105), (2, 2, NULL, 30317998, 106), (3, 1, NULL, 30317998, 107),
(3, 1.5, NULL, 30317999, 104), (3, 2, NULL, 30317999, 105), (2, 3, NULL, 30317999, 106), (2, 4, NULL, 30317999, 107),
(3, 2.5, NULL, 30318000, 104), (1, 2, NULL, 30318000, 105), (2, 2, NULL, 30318000, 106), (1, 2, NULL, 30318000, 107),
(2.5, 2, NULL, 30318001, 104), (4, 2, NULL, 30318001, 105), (1, 1, NULL, 30318001, 106), (3.5, 1, NULL, 30318001, 107),
(1.5, 1, NULL, 30318002, 104), (3, 1.5, NULL, 30318002, 105), (2, 2, NULL, 30318002, 106), (3, 2, NULL, 30318002, 107); 